{"cameraMode":{"drawMode":0,"name":"Shaded","section":"Shading Mode"},"sceneLighting":false,"audioPlay":false,"sceneViewState":{"showFog":true,"showMaterialUpdate":false,"showSkybox":true,"showFlares":true,"showImageEffects":true,"showParticleSystems":true},"in2DMode":false,"pivot":{"x":16.256500244140626,"y":-5.817501544952393,"z":21.277996063232423},"rotation":{"x":-0.1512213498353958,"y":0.6913437843322754,"z":-0.15149381756782533,"w":-0.6900910139083862},"size":22.0,"orthographic":false}