{"cameraMode":{"drawMode":0,"name":"Shaded","section":"Shading Mode"},"sceneLighting":false,"audioPlay":false,"sceneViewState":{"showFog":true,"showMaterialUpdate":false,"showSkybox":true,"showFlares":true,"showImageEffects":true,"showParticleSystems":true},"in2DMode":false,"pivot":{"x":32.47759246826172,"y":4.403695583343506,"z":24.55875587463379},"rotation":{"x":-0.16533900797367097,"y":0.6743032932281494,"z":-0.1588224321603775,"w":-0.7019641399383545},"size":1.4289418458938599,"orthographic":false}